"topicID","Word"
1,"Cindy"
1,"Cameron"
1,"Mubaaraka"
1,"Ivan"
1,"Summer"
1,"Katherine"
1,"Anthony"
1,"Yessica"
1,"Sokdaney"
1,"Antonette"
1,"Isaac"
1,"Travis"
1,"Katie"
1,"Nisma"
1,"Nino"
1,"Kaitlyn"
1,"Jessica"
1,"Husain"
1,"Jacqueline"
1,"Justin"
2,"Taylor"
2,"Alexandria"
2,"Jairo"
2,"Cesare"
2,"Ciera"
2,"Shauntino"
2,"Matias"
2,"Travis"
2,"Mujaahida"
2,"Mairon"
2,"Brenda"
2,"Jamie"
2,"Jalyn"
2,"Kellie"
2,"Kei'Zuan"
2,"Ashley"
2,"Darren"
2,"Erikka"
2,"Bakar"
2,"Seiko"
3,"Aasiya"
3,"Alyssa"
3,"Tina"
3,"Mitchell"
3,"Marques"
3,"Kevin"
3,"David"
3,"Lucia"
3,"Kabao"
3,"Jam,Aan"
3,"Kevin"
3,"Nicole"
3,"Mitchell"
3,"Tyriek"
3,"Chantelle"
3,"Diajanique"
3,"Franciszek"
3,"Taylor"
3,"Erika"
3,"Taaliba"
4,"Coleman"
4,"Lidia"
4,"Jesse"
4,"Andrew"
4,"Muna"
4,"Clarissa"
4,"Tre'Via"
4,"Austin"
4,"Izamary"
4,"Sadeeda"
4,"Akram"
4,"Saeed"
4,"Rhyan"
4,"Nadia"
4,"Jase"
4,"Olivia"
4,"Aspen"
4,"Gloria"
4,"Enrique"
4,"Jennifer"
5,"Joshua"
5,"Kanaan"
5,"Ciarra"
5,"Carmelita"
5,"Daija"
5,"Elijah"
5,"Christen"
5,"Nataly"
5,"Yuri"
5,"Nhan"
5,"Melanie"
5,"Devundrick"
5,"Amanda"
5,"Ashley"
5,"Perla"
5,"Samraa"
5,"Jera"
5,"Joseph"
5,"Sharon"
5,"Raamiz"
6,"Kati"
6,"Jovanna"
6,"Gabriel"
6,"Cheyanne"
6,"Monee"
6,"Lisa"
6,"Aadila"
6,"Abigail"
6,"Susan"
6,"Savannah"
6,"Tiana"
6,"Krislynn"
6,"Zaamil"
6,"Marina"
6,"Shannon"
6,"Dyllon"
6,"Karishma"
6,"Sheila"
6,"Vanessa"
6,"Richard"
7,"Myron"
7,"Taylor"
7,"Victoria"
7,"Koafeng"
7,"Claudia"
7,"Joshua"
7,"Ghaamid"
7,"Ohdomm"
7,"Charde"
7,"Mumtaaza"
7,"Kevin"
7,"Tianna"
7,"Julianne"
7,"Muna"
7,"Latrice"
7,"Edward"
7,"Chad"
7,"Kaleem"
7,"Molly"
7,"Terrell"
8,"Maazina"
8,"Ashley"
8,"Iman"
8,"Hadia"
8,"Kenny"
8,"Dora"
8,"Ashley"
8,"Awad"
8,"Kashmir"
8,"Victoria"
8,"Ryan"
8,"Safwaan"
8,"Ahmed"
8,"Zhjade"
8,"Alexis"
8,"Maria"
8,"Kyandra"
8,"Tayyib"
8,"Labeeb"
8,"Kazong"
9," Mahdi"
9,"Teale"
9,"Jeremy"
9,"Samuel"
9,"Chase"
9,"Nhi"
9,"Jazmyn"
9,"Sadeeqa"
9,"Devin"
9,"Raakaan"
9,"Sharnai"
9,"Karly"
9,"Taran"
9,"Teran"
9,"Steven"
9,"Fareeda"
9,"Ja'Von"
9,"Janea"
9,"Draven"
9,"Rushdi"
10,"James"
10,"Brittany"
10,"Firdaus"
10,"Kielie"
10,"Fareeda"
10,"Molly"
10,"Marcel"
10,"Keshaun"
10,"Luz"
10,"Tracy"
10,"Yesenia"
10,"Anthony"
10,"Cameron"
10,"Garet"
10,"Acacia"
10,"Priyanka"
10,"James"
10,"Sadeeqa"
10,"Alexandra"
10,"Ian"
11,"Tiffany"
11,"Michael"
11,"Derek"
11,"Kevin"
11,"Cassandra"
11,"Jamile"
11,"Akiya"
11,"Aabdeen"
11,"Joseph"
11,"Davion"
11,"Samantha"
11,"Phoutthasinh"
11,"Misfar"
11,"Tiffany"
11,"Daniel"
11,"Beatriz"
11,"Orion"
11,"Zachary"
11,"Laila"
11,"Daizuan"
12,"Annaleigh"
12,"Waylene"
12,"Joseph"
12,"Lolita"
12,"Manuelito"
12,"Dylan"
12,"Classie"
12,"Mufeeda"
12,"Adhraaa"
12,"Reyna"
12,"John"
12,"Dante"
12,"Naadir"
12,"Marcus"
12,"Tabatha"
12,"Maya"
12,"Cleo"
12,"Andrea"
12,"Ghaaliba"
12,"Marjaana"
13,"Madeline"
13,"Jalen"
13,"Jessica"
13,"Erika"
13,"Rebecca"
13,"Kasia"
13,"Gregory"
13,"Angel"
13,"Robert"
13,"Olivia"
13,"Justin"
13,"Kathryn"
13,"Roche"
13,"Eric"
13,"Trequaya"
13,"Sidharth"
13,"Sharon"
13,"Scarlett"
13,"Muzammil"
13,"Larry"
14,"Alec"
14,"Tre-Shawn"
14,"Beau"
14,"Melissa"
14,"Gerardo"
14,"Shanya"
14,"Alicia"
14,"Paola"
14,"Zane"
14,"Sham'a"
14,"Jalaal"
14,"Timothy"
14,"Rafael"
14,"Ibtisaama"
14,"Zachary"
14,"Cassandra"
14,"Ryan"
14,"Nathaniel"
14,"Haaniya"
14,"Preston"
15,"Brandon"
15,"Julie"
15,"Rabi"
15,"Murphy"
15,"Destiny"
15,"Suki"
15,"Cory"
15,"Derek"
15,"Nada"
15,"Ibtisaama"
15,"Sarah"
15,"Jerry"
15,"Nayeli"
15,"Hilda"
15,"Wina"
15,"Rory"
15,"Karlie"
15,"Temesgen"
15,"Amjad"
15,"Vonasherell"
16,"Tin"
16,"Justin"
16,"Nadeera"
16,"Hamad"
16,"Ernestina"
16,"Jovon"
16,"Abood"
16,"Hishaam"
16,"Shelby"
16,"Umar"
16,"Selena"
16,"Peter"
16,"Charles"
16,"Alfred"
16,"Naasif"
16,"Afaaf"
16,"Cody"
16,"Luke"
16,"Sasha"
16,"Jazli"
17,"Christine"
17,"Araceli"
17,"Micah"
17,"Ronald"
17,"Matthew"
17,"Johani"
17,"Nathan"
17,"Cheyenne"
17,"Hadeel"
17,"Lakesha"
17,"Matthew"
17,"Zachary"
17,"Holly"
17,"Rifaah"
17,"Chelsea"
17,"Jennifer"
17,"Kala"
17,"Mubarak"
17,"Amber"
17,"Adrianna"
18,"Annnees"
18,"Rosie"
18,"Brianna"
18,"Graham"
18,"Montana"
18,"Maajid"
18,"Gage"
18,"Aaron"
18,"Brian"
18,"Michael"
18,"Ethan"
18,"Hector"
18,"Paris"
18,"Maisoon"
18,"Austin"
18,"Suhail"
18,"Kylear"
18,"Garrett"
18,"Jun"
18,"Labeeb"
19,"Sade"
19,"Sabeeka"
19,"Priyanka"
19,"Tarrell"
19,"Anna"
19,"Mus'ab"
19,"John-Wesley"
19,"Kendall"
19,"Nadeem"
19,"Edgar"
19,"Muthanna"
19,"Daniel"
19,"Chasity"
19,"Marissa"
19,"Halie"
19,"Hanoona"
19,"Kenji"
19,"Sydney"
19,"Erik"
19,"Danielle"
20,"Dustin"
20,"Kikue"
20,"Gabriel"
20,"Erika"
20,"Seraphine"
20,"Taylor"
20,"Samuel"
20,"Adam"
20,"Oriana"
20,"Zarqaa"
20,"Zachary"
20,"Quinten"
20,"Lauren"
20,"Trevon"
20,"Jeffrey"
20,"Tou Tswj"
20,"Easley"
20,"Megan"
20,"Dustin"
20,"Bianca"
21,"Aaron"
21,"Bonnie"
21,"Cole"
21,"Aadam"
21,"Raihaan"
21,"Jennifer"
21,"Jonathan"
21,"Jerry"
21,"Erica"
21,"Lasharelle"
21,"Se-Hee"
21,"Nicolas"
21,"Danni"
21,"Dustin"
21,"Michael"
21,"Mariah"
21,"Joel"
21,"Alexis"
21,"Nakisha"
21,"Shaana"
22,"Rito"
22,"Jahlisha"
22,"Forest"
22,"Maiya"
22,"Avery"
22,"Homero"
22,"Walter"
22,"Kiara"
22,"Jeremy"
22,"Albert"
22,"Shayla"
22,"Jesus"
22,"Abdur Razzaaq"
22,"Russell"
22,"Andrew"
22,"Brittany"
22,"Courtney"
22,"Sarena"
22,"Alexander"
22,"Izac"
23,"Jayla"
23,"Jeana"
23,"Quarmarius"
23,"Melissa"
23,"Michael"
23,"Rachel"
23,"Barbara"
23,"Elizabeth"
23,"Thomas"
23,"Nicole"
23,"D'Angelo"
23,"Stefan"
23,"Justin"
23,"Bum Jin"
23,"Adrian"
23,"Afraah"
23,"Christopher"
23,"Brian"
23,"William"
23,"Monica"
24,"Tisha"
24,"Selena"
24,"Widdad"
24,"Seth"
24,"Katelyn"
24,"Craig"
24,"George"
24,"Zahra"
24,"Majeeda"
24,"Bu"
24,"Kenta"
24,"Vincent"
24,"Taylor"
24,"Mark"
24,"Simon"
24,"Mawdood"
24,"Alysia"
24,"Akram"
24,"Vigan"
24,"Maya"
25,"Sharnai"
25,"Aamina"
25,"Monique"
25,"Lorenzo"
25,"Jenessa"
25,"Jordyn Andrew"
25,"Rabi"
25,"Demetreus"
25,"Jaleela"
25,"Kyla"
25,"Cassandra"
25,"Ryan"
25,"Jessica"
25,"Mun Sik"
25,"Jose"
25,"Erin"
25,"Jonathan"
25,"Marjaana"
25,"Michael"
25,"Kiarra"
26,"Ridwaan"
26,"Miranda"
26,"Osue"
26,"Tawnie"
26,"Margaret"
26,"Elijah"
26,"Karli"
26,"Mohamed"
26,"Shaafi"
26,"Larissa"
26,"Taylor"
26,"Terese"
26,"Alex"
26,"Dedrick"
26,"Michelle"
26,"Calandra"
26,"Andrea"
26,"Jericho"
26,"Brianna"
26,"Catrina"
27,"Claudia"
27,"Jose"
27,"Notiana"
27,"Colette"
27,"Garrett"
27,"Carlos"
27,"Muammar"
27,"Jacob"
27,"Hyun Jeung"
27,"Sky"
27,"Bre'Zhane"
27,"Thomas"
27,"Valentina"
27,"Lindsay"
27,"Karalyssa"
27,"Lun"
27,"Jerileigh"
27,"Daria"
27,"Jacqueline"
27,"Morgan"
28,"Kwhydee Paul"
28,"Hannah"
28,"Jamie"
28,"Alejandro"
28,"Ismael"
28,"Julanne"
28,"Joshua"
28,"Danae"
28,"Phi"
28,"Isaias"
28,"Zahraaa"
28,"Trevon"
28,"Walter"
28,"Jay"
28,"Taylor"
28,"Zahra"
28,"Darwyn"
28,"Shukri"
28,"Nafeesa"
28,"Marjaana"
29,"Kathryn"
29,"Howard"
29,"Ashley"
29,"Blake"
29,"Sharaf"
29,"Laron"
29,"Juwon"
29,"Kyra"
29,"Ghaalib"
29,"Joshua"
29,"Shaafia"
29,"Lindsey"
29,"Faith"
29,"Jared"
29,"Aatifa"
29,"Mariah"
29,"Jason"
29,"Angelita"
29,"Sam"
29,"Paris"
30,"Kijana"
30,"Tyler"
30,"Rylee"
30,"Jameco"
30,"Bleux"
30,"Samantha"
30,"Tareef"
30,"Juan"
30,"Margaret"
30,"Alexandra"
30,"Casandra"
30,"Mahmoud"
30,"Jade"
30,"Annika"
30,"Samantha"
30,"Jomo"
30,"Deonta"
30,"Eleanor"
30,"Nawaar"
30,"Te Uwanh"
31,"Mackenzie"
31,"Nathan"
31,"Sahl"
31,"Mareno"
31,"Raheema"
31,"Brian"
31,"Careese"
31,"Anthony"
31,"Brandon"
31,"Mukhtaar"
31,"Elisa"
31,"Max"
31,"Thomas"
31,"Uthmaa N"
31,"Miqdaad"
31,"Kerry"
31,"Maazin"
31,"Alyssa"
31,"David"
31,"Keyona"
32,"Dion"
32,"Llewelgene"
32,"Lanae"
32,"Savannah"
32,"Kade"
32,"Tabetha"
32,"Desjanay"
32,"Cassidy"
32,"Jason"
32,"Jaylin"
32,"Shayla"
32,"Paul"
32,"Alexander"
32,"Monica"
32,"Haley"
32,"Baergen"
32,"Phoenix"
32,"Ashly"
32,"Martin"
32,"Nazmiyya"
33,"Lorka"
33,"Amy"
33,"Ameer"
33,"Brendan"
33,"Atheer"
33,"Micah"
33,"Jui-Chun"
33,"Mukhtaar"
33,"Shalini"
33,"Eric"
33,"Makenzie"
33,"Vincent"
33,"Abrielle"
33,"Juhaina"
33,"David"
33,"Mitchell"
33,"Kayla"
33,"Insaf"
33,"Yaasmeena"
33,"Takuto"
34,"Rosamelia"
34,"Timothy"
34,"Brian"
34,"Arisa"
34,"Son"
34,"Brianna"
34,"Joey"
34,"Kathy"
34,"Gautham"
34,"Raylene"
34,"Miguel"
34,"Jaelene"
34,"Michael"
34,"Sarah"
34,"William"
34,"Rachael"
34,"Creg"
34,"Rakeem"
34,"Davis"
34,"Kanani"
35,"Marcello"
35,"Carl"
35,"Brittany"
35,"Kelvin"
35,"Brandyn"
35,"Andrew"
35,"Amos"
35,"Christian"
35,"Anfernee"
35,"Sindel"
35,"Audie"
35,"Makaya"
35,"Vanessa"
35,"Amaanullah"
35,"Charleen"
35,"Ada"
35,"Emily"
35,"Yareth"
35,"Salma"
35,"Shafaaa"
36,"Anna"
36,"Cheyenne"
36,"Labeeb"
36,"Isidro"
36,"Tashany"
36,"Leioka"
36,"Rebecca"
36,"Torey"
36,"Casey"
36,"Brooke"
36,"James"
36,"Kelsey"
36,"James"
36,"Abdul Kareem"
36,"Jade"
36,"Alexander"
36,"Raymond"
36,"Bailey"
36,"Kara"
36,"Mario"
37,"Darby"
37,"Serena"
37,"Parker"
37,"Kathryn"
37,"Alan"
37,"Seunghoo"
37,"Aimis"
37,"Felecia"
37,"Kiona"
37,"Jumaima"
37,"Jonathan"
37,"Joshua"
37,"Kimber"
37,"Karina"
37,"Damon"
37,"Miranda"
37,"Dalmarin"
37,"Kiauva"
37,"Faraah"
37,"Ericka"
38,"Ryan"
38,"Abbaad"
38,"Danny"
38,"Cavan"
38,"Brooke"
38,"Christian"
38,"Latesha"
38,"Tyler"
38,"Mitchell"
38,"Madison"
38,"Danny"
38,"Conor"
38,"Jerum"
38,"Justin"
38,"Angel"
38,"Letyraial"
38,"Eduardo"
38,"Samuel"
38,"Michael"
38,"Jose"
39,"Mufeeda"
39,"Stephanie"
39,"Abdur Rasheed"
39,"Edward"
39,"Karina"
39,"Spiro"
39,"Claudia"
39,"Vanessa"
39,"Luis"
39,"Matia"
39,"Kodey"
39,"Cadie"
39,"Kristopher"
39,"Zuhaira"
39,"Dennis"
39,"Kristen"
39,"Amelia"
39,"Baaqir"
39,"Qiao Yi"
39,"Jordan"
40,"Sidney"
40,"Amy"
40,"Rafael"
40,"Andrea"
40,"Crystal"
40,"Joseph"
40,"Aasiya"
40,"Tori"
40,"Enrico"
40,"Ricky"
40,"Bradley"
40,"Priscila"
40,"Dalicia"
40,"Helen"
40,"Ricardo"
40,"Dominique"
40,"Mira"
40,"Dillon"
40,"Jessica"
40,"Abdul Ghafoor"
41,"Fernando"
41,"Shashwat"
41,"Keven"
41,"Jane"
41,"Jesse"
41,"Jesse"
41,"Malachi"
41,"Aiman"
41,"Luis"
41,"Haala"
41,"Aurora"
41,"Thomas"
41,"Jalel"
41,"Stephanie"
41,"Ervin"
41,"Quincy"
41,"Fabian"
41,"Ohdomm"
41,"John Daniel"
41,"Philip"
42,"Joshua"
42,"Deven"
42,"Kyle"
42,"Ashleigh"
42,"Antonio"
42,"Sawada"
42,"Bishr"
42,"Anthony"
42,"Morgan"
42,"Christian"
42,"Colton"
42,"Aasiya"
42,"Adamina"
42,"Dominic"
42,"Julia"
42,"Braedon"
42,"Gladys"
42,"Makayla"
42,"Clarissa"
42,"Markus"
43,"Tawny"
43,"Alizae"
43,"Zachery"
43,"Bryanna"
43,"Mark"
43,"Katharine"
43,"Mufeeda"
43,"Zahraaa"
43,"Brice"
43,"Carson"
43,"Jaleela"
43,"Toby"
43,"Harrison"
43,"Jessica"
43,"Anthony"
43,"Mark"
43,"Aaron"
43,"Ian"
43,"Randall"
43,"Toby"
44,"Lortay"
44,"Usman"
44,"Shea"
44,"Heather"
44,"Cheno"
44,"Justin"
44,"Devani"
44,"Timothy"
44,"Zachary"
44,"William"
44,"Mai"
44,"Rumaana"
44,"Eldriges"
44,"Thalir"
44,"Jose"
44,"Dylan"
44,"Maria"
44,"Kimberly"
44,"Kiara"
44,"Joseph"
45,"Shayne"
45,"Arkaan"
45,"Lorysa"
45,"Vy"
45,"Allen"
45,"Maile"
45,"Nartrina"
45,"Shabaan"
45,"Kristen"
45,"Braxton"
45,"Haibaa"
45,"Eugene"
45,"Abdul Jaleel"
45,"Andrew"
45,"Michale"
45,"Javier"
45,"Alyse"
45,"Phoenix"
45,"Alexa"
45,"Kharesa"
46,"Hayden"
46,"Jessica"
46,"Megan"
46,"Gregory"
46,"Mario"
46,"Jacky"
46,"Raheema"
46,"Shabeeba"
46,"Robyn"
46,"Alyssa"
46,"Gabriel"
46,"Kimberly"
46,"Natasha"
46,"Mikaela"
46,"Jareer"
46,"Habeeba"
46,"Rich"
46,"Tasharina"
46,"Megan"
46,"Nathan"
47,"Julia"
47,"Nohelia"
47,"Mohamed"
47,"Adrian"
47,"Graylin"
47,"Aasima"
47,"Erin"
47,"Sarah"
47,"Davion"
47,"Tiffany"
47,"Koa"
47,"Mastoora"
47,"Michael"
47,"Melody"
47,"Morgan"
47,"Taylor"
47,"Jason"
47,"Maelynn"
47,"Jazzel"
47,"Joshua"
48,"Jonathan"
48,"Brittani"
48,"Zuhair"
48,"Angelica"
48,"Emily"
48,"Austin"
48,"Haben"
48,"Shane"
48,"Selena"
48,"Kimberly"
48,"Shiloh"
48,"Nicholas"
48,"Daeshanere"
48,"Katelyn"
48,"Chris"
48,"Anna"
48,"Donovan"
48,"John"
48,"Alycya"
48,"Saabiq"
49,"Zaeem"
49,"Ariana"
49,"Matthan"
49,"Derek"
49,"Katara"
49,"Aqeela"
49,"Kevin"
49,"Muneef"
49,"Leondre"
49,"Aaish"
49,"Guillermo Leon"
49,"Jason"
49,"Manuel"
49,"Chadwick"
49,"Allison"
49,"Jeffrey"
49,"Zaqueri"
49,"Shawn"
49,"Anthony"
49,"Irfan"
50,"Gregory"
50,"Elliott"
50,"Antonio"
50,"Laura"
50,"Moses"
50,"Taylor"
50,"Ghassaan"
50,"Susie"
50,"Jordan"
50,"Elizabeth"
50,"Tyler"
50,"Reema"
50,"May"
50,"Jesse"
50,"Raheema"
50,"Clinton"
50,"Abraham"
50,"Karina"
50,"Heather"
50,"Sumaita"
